SNP,Estimate,P_value
id1024159,-16.575967847632253,7.545172387855856e-19
ud10000717,19.64127391243099,2.0162071728537957e-14
id10003000,17.688585550205577,1.0975427146819053e-13
id6000791,11.855500227402786,1.3994080568607199e-12
id3010870,-12.187159055933543,1.5029623925266116e-12
id2014431,19.302943390169876,3.0451989044008458e-12
id1024488,11.5333527024315,3.511606556884506e-12
id11001027,14.451633597473228,3.5297484862108777e-12
id1020565,-14.776658844096184,5.7024123057370035e-12
id2001618,14.251743118982338,1.0399710382742382e-11
id1028378,-11.897136252534338,2.954174268262317e-11
ud5000325,11.310915497343826,3.404965474606041e-11
id3003696,11.662911995945697,1.2712728446853639e-10
id1021278,-13.327388817898552,1.4409151924465743e-10
id8001208,11.350542592364116,1.5169401450634062e-10
id8001042,11.338894174920853,1.5237309784582178e-10
id1017864,9.188049529556055,3.4870861499202185e-10
id1020698,-13.688549578468464,3.7688792902769537e-10
id6001515,12.9128607217415,5.853472943308077e-10
id6002120,14.389346555585671,8.095555058159992e-10
id5010967,11.151089823380762,1.122074910788182e-9
id1027575,-8.750400681763566,1.1663004254743663e-9
id2014525,14.868706622160705,1.23599803140059e-9
id2014530,14.868706622160705,1.23599803140059e-9
id8001383,10.563105736776087,1.5290957173078762e-9
id8001400,10.563105736776087,1.5290957173078762e-9
id1025955,13.15092140039436,1.5522912014447383e-9
id2001549,11.690350000921462,1.686093427897821e-9
id1027478,-8.11766450255859,1.8095236300887482e-9
id1027427,-8.176478843490855,1.893465263035037e-9
id1027432,-8.176478843490855,1.893465263035037e-9
id1027440,-8.176478843490855,1.893465263035037e-9
wd3002015,-11.93240099269602,2.8129636018952582e-9
id1025088,-7.949826137508665,3.049400677529851e-9
id1017435,10.56780195087908,3.073655772959999e-9
id6001915,14.71996395922703,3.119404990795173e-9
id1020779,11.9208140348965,3.6905465797282165e-9
id1020819,11.9208140348965,3.6905465797282165e-9
id1020850,11.9208140348965,3.6905465797282165e-9
id6016686,9.280553517134654,3.7151883276580086e-9
id7005319,9.66195398378384,4.116783505915696e-9
id8001080,10.395625510447598,4.358319978598962e-9
id8001095,10.395625510447598,4.358319978598962e-9
id5001673,10.96136572173624,5.335406023095363e-9
id6002360,10.82941593844324,5.706656571619867e-9
id8003855,8.200687745740543,5.914189809245234e-9
id1016693,7.985677880292396,6.685912016038267e-9
id1017559,-9.431280352466697,6.906643031077175e-9
id1027447,-7.94353658820364,7.3618432271434715e-9
id3010465,-18.87717204696528,7.484789466147509e-9
id3010554,-18.87717204696528,7.484789466147509e-9
id3010557,-18.87717204696528,7.484789466147509e-9
id3010700,-18.87717204696528,7.484789466147509e-9
id1027412,-8.003627836725444,7.705176159939704e-9
id1027468,-6.1822375258351645,8.127355734386424e-9
ud1001116,9.110047025058137,8.36247148646556e-9
id6004564,9.080767642792996,8.486513460939561e-9
id1012977,11.516165139056229,1.3055505552404195e-8
ud12000577,6.933533804744605,1.5225955354737516e-8
id3008418,9.606073985722544,1.6497617667442057e-8
id1024301,-13.841223394699307,1.8274288439685583e-8
id1024323,-13.841223394699307,1.8274288439685583e-8
id6000302,11.045949205252215,1.87921147369831e-8
id2009190,8.25851231390556,2.1968760242560338e-8
id7000438,-16.795793682289176,2.2382435438216788e-8
id3003640,10.050107581366705,2.3014982741763883e-8
id5013303,7.305773065438244,2.9652028581904665e-8
dd1002434,-10.41100260413176,2.974449587990432e-8
id8003611,7.69791296916353,2.9814232127795956e-8
id6002002,9.143146633010485,3.1589041304129975e-8
id6004880,7.9263456999046,3.3522025630391346e-8
dd1000573,14.326714933632566,3.357592547405484e-8
id6004552,10.053882970343489,3.3902691811226807e-8
id5012733,13.784830128977967,3.735295002034301e-8
id5012867,13.784830128977967,3.735295002034301e-8
id1016888,-8.473215493510411,3.8946420741983165e-8
id1017831,-8.743804137849219,4.899744281182279e-8
id4002329,10.608408178866124,5.685603180472387e-8
id10002983,12.006281644892624,5.815105801084656e-8
id9004031,-10.958484423545434,5.893112073915114e-8
id6002265,10.032562959987372,5.9078177571187326e-8
id6013122,-8.240704694621376,6.396314782129465e-8
id3017764,8.710838938473707,6.448193320894216e-8
dd1002655,-12.519274774359266,6.529774184405236e-8
id1017158,-8.591563732754715,7.356320207728761e-8
ud4002253,-11.681311959377451,7.495272495632639e-8
id8001226,10.570267439136355,8.647770260351745e-8
id8001239,10.570267439136355,8.647770260351745e-8
dd1002043,-9.886811386786748,8.790099536897865e-8
id1027787,-9.886811386786748,8.790099536897865e-8
ud7000964,12.643833856685797,9.167085580341053e-8
id6004834,11.56974737712931,1.136286737069674e-7
id12000389,-10.441528760929856,1.3314758918013925e-7
id1014579,8.389632050779628,1.402886356133911e-7
id1025921,9.087430171617353,1.4811395389140986e-7
id3004326,15.066413362907848,1.639729533151572e-7
id3004343,15.066413362907848,1.639729533151572e-7
id6003359,9.591293392735563,1.9561799565062994e-7
id3008446,10.332836647743232,2.102099040291854e-7
id3004318,13.712142550987693,2.131451665558168e-7
id4008031,9.895842575096443,2.1483649566551585e-7
id4008050,9.895842575096443,2.1483649566551585e-7
id3010454,-16.770041005232677,2.2710722764811446e-7
id3004375,12.903519845959924,2.425912140990675e-7
id4000756,10.717645575819365,2.4525363225870196e-7
id3010727,-16.003145107684364,2.6467467902418674e-7
id1028439,-7.013578135271705,2.650370272191204e-7
id6002267,9.506651523405118,3.2713910802980153e-7
id2001517,-11.23678278610564,3.641658428221176e-7
id4009039,-8.536139924411815,3.686161081879411e-7
ud9000282,11.561026119379015,3.726130013171227e-7
id5012649,11.01192701060735,3.783831206228261e-7
id1026825,-9.762121037449122,3.8584194739483185e-7
id3010531,-16.666266903217057,3.897634091182129e-7
id1001056,-10.782011287128,4.0285585477231203e-7
id12003102,8.315516596241668,4.0342249802580756e-7
id3010849,-13.294797308078612,4.140314130718946e-7
id1025077,-5.911533042504255,4.166890542050367e-7
id2014480,13.933157894374457,4.176610797775549e-7
id1022374,8.737602956167759,4.3312442480139763e-7
id5002213,10.008363149001497,4.348694390054533e-7
id1008313,6.880542503438479,4.41917516473783e-7
id1018026,-7.369410901597775,4.521033597363964e-7
id9002527,8.051888211107833,4.656726041435169e-7
id1017609,-8.221409821465386,5.6219478349235e-7
id12000405,-8.762543959772842,5.758364196596411e-7
id1015924,8.95775072505215,5.841419553295373e-7
id4009079,-8.278994549046091,5.864386014293059e-7
id2001139,-7.780482482171828,5.907255410147164e-7
id8001059,8.683573753956331,6.280945107524061e-7
id5012485,12.843842381705562,6.768112282925969e-7
id5012723,12.483906572300896,6.91318814766798e-7
id5002154,10.936350580002529,7.059269994734543e-7
id7000448,-14.924039270890807,7.602516630933251e-7
id4007730,-9.879654836505823,7.640445598274561e-7
id1027254,-11.540992681189044,7.760857763990907e-7
dd1002016,-8.642261108199262,7.943766250020972e-7
id6004901,7.440120910514269,8.088373580763633e-7
id3010889,-9.286996078598111,8.224326743625827e-7
id1027773,-10.68481472405526,8.88056323096256e-7
id9001338,9.537621644882712,9.194934879534868e-7
id1008878,11.139990322293508,1.027229443346575e-6
id6001885,8.08608451145621,1.028020953874381e-6
id3004166,11.58721046744755,1.0667648614110515e-6
id3004167,8.060740865800375,1.0919742278084276e-6
id3008053,-6.811145336606959,1.3256766995434378e-6
id12000452,-7.719194108392371,1.368896399569908e-6
id1017963,-7.634659679407458,1.3819998888757087e-6
id3003629,14.628697000800193,1.4201116814478745e-6
id11000838,-6.83120093356364,1.4201454325594202e-6
id6001688,8.721693109279286,1.444300877355424e-6
id12005920,6.375318251904344,1.461516769182907e-6
id3013314,-14.849572575227128,1.4616143285297111e-6
id8001502,10.932947075545735,1.5097561357692649e-6
id2016265,7.907099437797963,1.5125244078275758e-6
id2016198,10.876418878977317,1.5421649506117142e-6
id6016416,-7.247887909540127,1.5724067867809631e-6
id8005945,7.942643903485225,1.617797630260568e-6
id1027465,-10.464132602964714,1.7035492870615611e-6
id8000989,7.053283892144197,1.711307293266226e-6
id12003019,7.788153511855275,1.7181348097134297e-6
id3004327,11.792778172436078,1.7320009664554077e-6
id3004470,11.792778172436078,1.7320009664554077e-6
id3004501,11.792778172436078,1.7320009664554077e-6
id2014416,11.642389330742445,1.8151390465326736e-6
id1015967,12.681030998083472,1.8975478426017463e-6
id3004514,9.167259087278012,1.930313628424368e-6
id12001378,-8.842565163156834,2.167747115183448e-6
id12001396,-8.842565163156834,2.167747115183448e-6
id1005561,12.030520227143786,2.2362824202543316e-6
id6004753,7.55966698716234,2.3997620117647753e-6
id11004612,9.633995259872924,2.5659227405741077e-6
id2015623,11.217724147987214,2.5694661538620268e-6
id3003077,16.18823529547102,2.57785582826899e-6
id3003184,16.18823529547102,2.57785582826899e-6
id1016348,6.369472375560645,2.882790269212246e-6
id5012465,13.086381219544462,2.9339489107494697e-6
id1008267,-5.109759863115784,3.1613289789733908e-6
id1021446,6.346420828363068,3.1800170584882098e-6
id6000354,10.451583273882084,3.312220287098377e-6
id1027491,-6.469903474090402,3.320217801881563e-6
id1014964,6.982081679864619,3.499277002487534e-6
id3004272,13.448704932338048,3.5144469664064463e-6
id12000422,-8.161888695640076,3.5573960661863302e-06
id9004352,-16.681496562740016,3.7353254670949e-6
id6000174,10.19945515702964,3.826144033823328e-6
id9001385,9.202248999692635,3.884917268180672e-6
id6001466,7.037663191424106,3.930317660807044e-6
wd10002607,-6.131427593683334,3.963916164075247e-6
id4007739,-9.424350897530838,3.965357368897151e-6
wd4000827,-8.615780701421954,3.970398360367444e-6
id11000849,-7.461337452982584,3.998181471077754e-6
id1000115,9.652568024357842,4.232747649712429e-6
id1003733,-8.878541724880765,4.2800320297631705e-6
id6003712,-5.984156250531103,4.394985232322054e-6
id3008527,11.40466751177298,4.425260898481478e-6
id3016758,-13.851231225330974,4.477349881454837e-6
id3004123,11.2410056059687,4.516184395304622e-6
id3004035,12.414780839720263,4.5981403650627896e-6
dd1002152,-10.24701136609031,4.6905820404728355e-6
dd1002153,-10.24701136609031,4.6905820404728355e-6
dd1002155,-10.24701136609031,4.6905820404728355e-6
ud7001395,7.588436239091693,4.797620334168221e-6
id3001472,12.82747869500265,4.873064799674248e-6
id6003347,6.78299402859177,5.000309021266497e-6
id12000364,-10.343826531546616,5.165913361292392e-6
id11004106,8.923604296315714,5.195878602339436e-6
id11004243,8.923604296315714,5.195878602339436e-6
wd8002458,-6.863170829305177,5.404523578788509e-6
id3004190,-6.12976262601275,5.471072656908423e-6
id6014870,8.666427893106539,5.565145424228738e-6
id5010886,12.44134368276838,5.892452614453219e-6
id4010842,-5.20441273880497,6.034358731824734e-6
id12006742,10.366399319074723,6.212401045170066e-6
id6000246,8.76849555006054,6.256986360765153e-6
id3002948,-9.92849452138644,6.278332321180099e-6
id10003075,7.848844988947568,6.280094370852702e-6
id1027959,-10.035744882681144,6.34082825374773e-6
id3017420,5.347753166245086,6.8022060949861845e-6
id3011312,-9.50776284407917,7.0503437365568305e-6
id12004160,-5.817574806347194,7.0580898415825775e-6
id1023765,-12.448154271680892,7.064170551788785e-6
id8004045,-6.5949846561432715,7.32841939528916e-6
id3000755,8.040517029553673,7.410519018095316e-6
id5001330,9.359900346551235,7.416424238998913e-6
id12000245,-8.934306822978865,7.424733773514359e-6
id5000407,8.786786008313822,7.502694476697018e-6
id5012859,9.219446144425495,7.782458959092964e-6
id2001146,-7.107794532780326,8.202020985799972e-6
id1016076,11.619730181203035,8.619850088387068e-6
id11006410,6.65223009783659,8.6732448949088e-6
id1028358,-6.523794065242541,9.382137996376424e-6
id3003256,14.817607166486624,9.50477526812701e-6
id3003267,14.817607166486624,9.50477526812701e-6
id12009321,-8.110327366801103,9.513852452092717e-6
id7005135,7.920498286461083,9.604904191647848e-6
id5013707,9.165335482444725,9.692825366041835e-6
id2013424,9.466669875756889,9.724403726774716e-6
id1008757,-8.279482918033086,9.735257410427167e-6
id1027892,-8.331554847226288,9.79088904415164e-6
id5001496,8.13415832880549,1.0026560012908384e-5
id3000620,8.765707221105252,1.0058253320659926e-5
id1027715,-5.3857156558610075,1.0144231081609768e-5
dd1002211,-10.05716151938371,1.0259427583077156e-5
id8000397,-6.256682887197272,1.1093693951354436e-5
id10003406,6.286911561390862,1.2069015439967314e-5
id10003415,6.286911561390862,1.2069015439967314e-5
ud3000428,11.467598297001,1.236299519042124e-5
id6003762,-5.662029171165973,1.2693734648001548e-5
dd1002479,-9.145057530407197,1.3059684163153998e-5
